--Tables were populated using Mockaroo and CHATGPT
-- BUILDING TABLE INSERT STATEMENTS
INSERT INTO Building (building_id, building_name, location) VALUES (1, 'Newton Science Hall', '8 Carey Lane');
INSERT INTO Building (building_id, building_name, location) VALUES (2, 'Ada Lovelace Computing Center', '38 Talmadge Center');
INSERT INTO Building (building_id, building_name, location) VALUES (3, 'Maxwell Physics Pavilion', '46 Farwell Avenue');
INSERT INTO Building (building_id, building_name, location) VALUES (4, 'Darwin Life Sciences Building', '2440 Crowley Drive');
INSERT INTO Building (building_id, building_name, location) VALUES (5, 'Turing Engineering Block', '35 Porter Crossing');
INSERT INTO Building (building_id, building_name, location) VALUES (6, 'Galileo Mathematics Tower', '8 Caliangt Court');
INSERT INTO Building (building_id, building_name, location) VALUES (7, 'Curie Chemistry Hall', '240 Dixon Plaza');
INSERT INTO Building (building_id, building_name, location) VALUES (8, 'Franklin Innovation Lab', '80769 Arizona Court');
INSERT INTO Building (building_id, building_name, location) VALUES (9, 'Tesla Robotics Wing', '09 Moulton Place');
INSERT INTO Building (building_id, building_name, location) VALUES (10, 'Pascal Data Science Hub', '33259 Melvin Pass');
INSERT INTO Building (building_id, building_name, location) VALUES (11, 'Horizon Research Complex', '0 Monument Hill');
INSERT INTO Building (building_id, building_name, location) VALUES (12, 'Quantum Computing Lab', '78 Westerfield Crossing');
INSERT INTO Building (building_id, building_name, location) VALUES (13, 'BioTech Research Annex', '11 Ilene Plaza');
INSERT INTO Building (building_id, building_name, location) VALUES (14, 'Nanotechnology Suite', '259 Dakota Hill');
INSERT INTO Building (building_id, building_name, location) VALUES (15, 'Environmental Systems Lab', '38 Pleasure Trail');
INSERT INTO Building (building_id, building_name, location) VALUES (16, 'AI & Machine Learning Center', '8255 Southridge Road');
INSERT INTO Building (building_id, building_name, location) VALUES (17, 'Renewable Energy Institute', '96 Larry Place');
INSERT INTO Building (building_id, building_name, location) VALUES (18, 'Materials Testing Facility', '89208 Bultman Point');
INSERT INTO Building (building_id, building_name, location) VALUES (19, 'Behavioral Science Lab', '795 Merchant Trail');
INSERT INTO Building (building_id, building_name, location) VALUES (20, 'Cybersecurity Command Center', '861 La Follette Road');
INSERT INTO Building (building_id, building_name, location) VALUES (21, 'Founders Library', '1015 Pawling Point');
INSERT INTO Building (building_id, building_name, location) VALUES (22, 'Centennial Learning Commons', '040 Doe Crossing Road');
INSERT INTO Building (building_id, building_name, location) VALUES (23, 'Knowledge Resource Hall', '44773 Menomonie Court');
INSERT INTO Building (building_id, building_name, location) VALUES (24, 'Silent Study Pavilion', '82 Montana Center');
INSERT INTO Building (building_id, building_name, location) VALUES (25, 'Archives & Manuscripts Center', '30 Northport Pass');
INSERT INTO Building (building_id, building_name, location) VALUES (26, 'Registrar''s Office Building', '007 Canary Park');
INSERT INTO Building (building_id, building_name, location) VALUES (27, 'Career Services Center', '3 Mosinee Hill');
INSERT INTO Building (building_id, building_name, location) VALUES (28, 'University Administration Block', '55 Grover Court');
INSERT INTO Building (building_id, building_name, location) VALUES (29, 'Financial Aid Office', '01378 Northland Crossing');
INSERT INTO Building (building_id, building_name, location) VALUES (30, 'Student Affairs Hub', '791 Sherman Circle');
INSERT INTO Building (building_id, building_name, location) VALUES (31, 'Oakridge Residence Hall', '10 Claremont Trail');
INSERT INTO Building (building_id, building_name, location) VALUES (32, 'Maple Grove Dormitory', '284 Crowley Circle');
INSERT INTO Building (building_id, building_name, location) VALUES (33, 'Cedar Point Student Housing', '6 Pepper Wood Road');
INSERT INTO Building (building_id, building_name, location) VALUES (34, 'Elm Terrace Apartments', '16 Cherokee Parkway');
INSERT INTO Building (building_id, building_name, location) VALUES (35, 'Horizon Dining Hall', '616 Sachs Center');
INSERT INTO Building (building_id, building_name, location) VALUES (36, 'Unity Sports Complex', '409 Fulton Hill');
INSERT INTO Building (building_id, building_name, location) VALUES (37, 'Summit Recreation Center', '608 Thompson Center');
INSERT INTO Building (building_id, building_name, location) VALUES (38, 'Wellness & Counseling Building', '87 Prairieview Pass');
INSERT INTO Building (building_id, building_name, location) VALUES (39, 'Aquatic & Fitness Pavilion', '6368 Jana Plaza');
INSERT INTO Building (building_id, building_name, location) VALUES (40, 'Athletics Operations HQ', '4485 Nevada Circle');
INSERT INTO Building (building_id, building_name, location) VALUES (41, 'Legacy Auditorium', '187 Ramsey Park');
INSERT INTO Building (building_id, building_name, location) VALUES (42, 'Grand Lecture Theatre', '54222 Eggendart Center');
INSERT INTO Building (building_id, building_name, location) VALUES (43, 'Pioneer Conference Center', '89 Nelson Junction');
INSERT INTO Building (building_id, building_name, location) VALUES (44, 'Unity Events Hall', '4 Dennis Junction');
INSERT INTO Building (building_id, building_name, location) VALUES (45, 'Centennial Dome', '16180 Maywood Drive');
INSERT INTO Building (building_id, building_name, location) VALUES (46, 'Facilities Management Depot', '685 Village Green Drive');
INSERT INTO Building (building_id, building_name, location) VALUES (47, 'Campus Operations Center', '83 Beilfuss Parkway');
INSERT INTO Building (building_id, building_name, location) VALUES (48, 'Maintenance & Logistics Wing', '95 Lawn Hill');
INSERT INTO Building (building_id, building_name, location) VALUES (49, 'Security & Safety Services', '1 Maple Street');
INSERT INTO Building (building_id, building_name, location) VALUES (50, 'IT & Networking Hub', '19 Carey Terrace');

--DEPARTMENT TABLE INSERT STATEMENTS
INSERT INTO Department (dept_id, dept_name) VALUES (1, 'Computer Science');
INSERT INTO Department (dept_id, dept_name) VALUES (2, 'Electrical Engineering');
INSERT INTO Department (dept_id, dept_name) VALUES (3, 'Business Administration');
INSERT INTO Department (dept_id, dept_name) VALUES (4, 'Economics');
INSERT INTO Department (dept_id, dept_name) VALUES (5, 'Psychology');
INSERT INTO Department (dept_id, dept_name) VALUES (6, 'Biology');
INSERT INTO Department (dept_id, dept_name) VALUES (7, 'Physics');
INSERT INTO Department (dept_id, dept_name) VALUES (8, 'Mathematics');
INSERT INTO Department (dept_id, dept_name) VALUES (9, 'English Literature');
INSERT INTO Department (dept_id, dept_name) VALUES (10, 'History');
INSERT INTO Department (dept_id, dept_name) VALUES (11, 'Sociology');
INSERT INTO Department (dept_id, dept_name) VALUES (12, 'Education');
INSERT INTO Department (dept_id, dept_name) VALUES (13, 'Fine Arts');
INSERT INTO Department (dept_id, dept_name) VALUES (14, 'Environmental Studies');
INSERT INTO Department (dept_id, dept_name) VALUES (15, 'Admissions Office');
INSERT INTO Department (dept_id, dept_name) VALUES (16, 'Registrar''s Office');
INSERT INTO Department (dept_id, dept_name) VALUES (17, 'Financial Aid Office');
INSERT INTO Department (dept_id, dept_name) VALUES (18, 'Human Resources');
INSERT INTO Department (dept_id, dept_name) VALUES (19, 'Campus Security');
INSERT INTO Department (dept_id, dept_name) VALUES (20, 'IT Services');

--PERSON TABLE INSERT STATEMENTS
INSERT INTO Person (person_id, person_fname, specialization, role, person_lname, dept_id) VALUES (1, 'Ashley', 'Early Childhood Education', 'Technician', 'Conway', 3);
INSERT INTO Person (person_id, person_fname, specialization, role, person_lname, dept_id) VALUES (2, 'Briana', 'Records Management', 'Professor', 'Williams', 10);
INSERT INTO Person (person_id, person_fname, specialization, role, person_lname, dept_id) VALUES (3, 'William', 'Scholarship Processing', 'Lecturer', 'Lewis', 3);
INSERT INTO Person (person_id, person_fname, specialization, role, person_lname, dept_id) VALUES (4, 'Alicia', 'Sociopolitical Theory', 'Professor', 'Lang', 8);
INSERT INTO Person (person_id, person_fname, specialization, role, person_lname, dept_id) VALUES (5, 'Benjamin', 'Data Science', 'Researcher', 'Higgins', 16);
INSERT INTO Person (person_id, person_fname, specialization, role, person_lname, dept_id) VALUES (6, 'Emily', 'Cybersecurity', 'Lecturer', 'Norris', 7);
INSERT INTO Person (person_id, person_fname, specialization, role, person_lname, dept_id) VALUES (7, 'Jason', 'Climate Policy', 'Technician', 'Young', 14);
INSERT INTO Person (person_id, person_fname, specialization, role, person_lname, dept_id) VALUES (8, 'Lauren', 'Painting', 'Lecturer', 'George', 13);
INSERT INTO Person (person_id, person_fname, specialization, role, person_lname, dept_id) VALUES (9, 'David', 'Accounting', 'Administrator', 'Porter', 20);
INSERT INTO Person (person_id, person_fname, specialization, role, person_lname, dept_id) VALUES (10, 'Amanda', 'Artificial Intelligence', 'Professor', 'Murray', 1);
INSERT INTO Person (person_id, person_fname, specialization, role, person_lname, dept_id) VALUES (11, 'Kevin', 'Astrophysics', 'Researcher', 'Fisher', 9);
INSERT INTO Person (person_id, person_fname, specialization, role, person_lname, dept_id) VALUES (12, 'Rachel', 'Network Systems', 'Technician', 'Anderson', 6);
INSERT INTO Person (person_id, person_fname, specialization, role, person_lname, dept_id) VALUES (13, 'Steven', 'Microeconomics', 'Lecturer', 'Bates', 11);
INSERT INTO Person (person_id, person_fname, specialization, role, person_lname, dept_id) VALUES (14, 'Danielle', 'Molecular Biology', 'Professor', 'Snyder', 5);
INSERT INTO Person (person_id, person_fname, specialization, role, person_lname, dept_id) VALUES (15, 'Jordan', 'Climate Policy', 'Researcher', 'Pena', 12);
INSERT INTO Person (person_id, person_fname, specialization, role, person_lname, dept_id) VALUES (16, 'Michelle', 'Records Management', 'Administrator', 'Nicholson', 19);
INSERT INTO Person (person_id, person_fname, specialization, role, person_lname, dept_id) VALUES (17, 'Brandon', 'Cybersecurity', 'Lecturer', 'Watts', 2);
INSERT INTO Person (person_id, person_fname, specialization, role, person_lname, dept_id) VALUES (18, 'Julia', 'Admissions Management', 'Administrator', 'Brady', 18);
INSERT INTO Person (person_id, person_fname, specialization, role, person_lname, dept_id) VALUES (19, 'Thomas', 'Painting', 'Lecturer', 'Cohen', 13);
INSERT INTO Person (person_id, person_fname, specialization, role, person_lname, dept_id) VALUES (20, 'Megan', 'Artificial Intelligence', 'Professor', 'Keller', 1);
INSERT INTO Person (person_id, person_fname, specialization, role, person_lname, dept_id) VALUES (21, 'Nathan', 'Scholarship Processing', 'Administrator', 'Boone', 20);
INSERT INTO Person (person_id, person_fname, specialization, role, person_lname, dept_id) VALUES (22, 'Tiffany', 'Modern Literature', 'Lecturer', 'Reeves', 15);
INSERT INTO Person (person_id, person_fname, specialization, role, person_lname, dept_id) VALUES (23, 'Eric', 'Behavioral Science', 'Professor', 'Steele', 4);
INSERT INTO Person (person_id, person_fname, specialization, role, person_lname, dept_id) VALUES (24, 'Kristin', 'Network Systems', 'Technician', 'Sutton', 6);
INSERT INTO Person (person_id, person_fname, specialization, role, person_lname, dept_id) VALUES (25, 'Tyler', 'Molecular Biology', 'Lecturer', 'Haynes', 5);
INSERT INTO Person (person_id, person_fname, specialization, role, person_lname, dept_id) VALUES (26, 'Hailey', 'Microeconomics', 'Researcher', 'Barrett', 11);
INSERT INTO Person (person_id, person_fname, specialization, role, person_lname, dept_id) VALUES (27, 'Zachary', 'Pure Mathematics', 'Professor', 'Wheeler', 17);
INSERT INTO Person (person_id, person_fname, specialization, role, person_lname, dept_id) VALUES (28, 'Nicole', 'Admissions Management', 'Administrator', 'Johns', 18);
INSERT INTO Person (person_id, person_fname, specialization, role, person_lname, dept_id) VALUES (29, 'Alex', 'Artificial Intelligence', 'Researcher', 'Fox', 1);
INSERT INTO Person (person_id, person_fname, specialization, role, person_lname, dept_id) VALUES (30, 'Courtney', 'Sociopolitical Theory', 'Lecturer', 'Farmer', 8);
INSERT INTO Person (person_id, person_fname, specialization, role, person_lname, dept_id) VALUES (31, 'Dylan', 'Security Operations', 'Technician', 'Vasquez', 19);
INSERT INTO Person (person_id, person_fname, specialization, role, person_lname, dept_id) VALUES (32, 'Victoria', 'Early Childhood Education', 'Lecturer', 'Barnett', 3);
INSERT INTO Person (person_id, person_fname, specialization, role, person_lname, dept_id) VALUES (33, 'Isaac', 'Cybersecurity', 'Professor', 'Walsh', 7);
INSERT INTO Person (person_id, person_fname, specialization, role, person_lname, dept_id) VALUES (34, 'Kaitlyn', 'Staff Training', 'Administrator', 'Hardin', 20);
INSERT INTO Person (person_id, person_fname, specialization, role, person_lname, dept_id) VALUES (35, 'Sean', 'Painting', 'Technician', 'Floyd', 13);
INSERT INTO Person (person_id, person_fname, specialization, role, person_lname, dept_id) VALUES (36, 'Jasmine', 'Scholarship Processing', 'Administrator', 'Brock', 20);
INSERT INTO Person (person_id, person_fname, specialization, role, person_lname, dept_id) VALUES (37, 'Trevor', 'Artificial Intelligence', 'Lecturer', 'Becker', 1);
INSERT INTO Person (person_id, person_fname, specialization, role, person_lname, dept_id) VALUES (38, 'Erin', 'Accounting', 'Administrator', 'Carver', 20);
INSERT INTO Person (person_id, person_fname, specialization, role, person_lname, dept_id) VALUES (39, 'Ethan', 'Pure Mathematics', 'Professor', 'Delgado', 17);
INSERT INTO Person (person_id, person_fname, specialization, role, person_lname, dept_id) VALUES (40, 'Cassandra', 'Modern Literature', 'Lecturer', 'Davidson', 15);
INSERT INTO Person (person_id, person_fname, specialization, role, person_lname, dept_id) VALUES (41, 'Henry', 'Behavioral Science', 'Researcher', 'Velasquez', 4);
INSERT INTO Person (person_id, person_fname, specialization, role, person_lname, dept_id) VALUES (42, 'Samantha', 'Climate Policy', 'Lecturer', 'Morales', 14);
INSERT INTO Person (person_id, person_fname, specialization, role, person_lname, dept_id) VALUES (43, 'Logan', 'Security Operations', 'Technician', 'Rowland', 19);
INSERT INTO Person (person_id, person_fname, specialization, role, person_lname, dept_id) VALUES (44, 'Paige', 'Network Systems', 'Technician', 'Estrada', 6);
INSERT INTO Person (person_id, person_fname, specialization, role, person_lname, dept_id) VALUES (45, 'Chase', 'Admissions Management', 'Administrator', 'Hubbard', 18);
INSERT INTO Person (person_id, person_fname, specialization, role, person_lname, dept_id) VALUES (46, 'Natalie', 'Staff Training', 'Administrator', 'Whitaker', 20);
INSERT INTO Person (person_id, person_fname, specialization, role, person_lname, dept_id) VALUES (47, 'Cameron', 'Artificial Intelligence', 'Professor', 'Maxwell', 1);
INSERT INTO Person (person_id, person_fname, specialization, role, person_lname, dept_id) VALUES (48, 'Brooke', 'Early Childhood Education', 'Lecturer', 'Blackwell', 3);
INSERT INTO Person (person_id, person_fname, specialization, role, person_lname, dept_id) VALUES (49, 'Owen', 'Data Science', 'Researcher', 'Moss', 16);
INSERT INTO Person (person_id, person_fname, specialization, role, person_lname, dept_id) VALUES (50, 'Lily', 'Microeconomics', 'Lecturer', 'Levine', 11);

--TIME TABLE INSERT STATEMENTS
INSERT INTO Time (time_id, start_time, end_time, semester, year, date) VALUES (1, '14:00:00+03', '16:00:00+03', 'Fall', 2023, '2023-04-05');
INSERT INTO Time (time_id, start_time, end_time, semester, year, date) VALUES (2, '12:00:00+03', '14:00:00+03', 'Summer', 2023, '2023-04-01');
INSERT INTO Time (time_id, start_time, end_time, semester, year, date) VALUES (3, '16:00:00+03', '18:00:00+03', 'Spring', 2024, '2024-07-20');
INSERT INTO Time (time_id, start_time, end_time, semester, year, date) VALUES (4, '10:00:00+03', '12:00:00+03', 'Summer', 2023, '2023-03-30');
INSERT INTO Time (time_id, start_time, end_time, semester, year, date) VALUES (5, '12:00:00+03', '14:00:00+03', 'Spring', 2023, '2023-03-20');
INSERT INTO Time (time_id, start_time, end_time, semester, year, date) VALUES (6, '14:00:00+03', '16:00:00+03', 'Spring', 2024, '2024-12-28');
INSERT INTO Time (time_id, start_time, end_time, semester, year, date) VALUES (7, '10:00:00+03', '12:00:00+03', 'Fall', 2023, '2023-11-29');
INSERT INTO Time (time_id, start_time, end_time, semester, year, date) VALUES (8, '16:00:00+03', '18:00:00+03', 'Spring', 2023, '2023-08-08');
INSERT INTO Time (time_id, start_time, end_time, semester, year, date) VALUES (9, '16:00:00+03', '18:00:00+03', 'Summer', 2024, '2024-09-26');
INSERT INTO Time (time_id, start_time, end_time, semester, year, date) VALUES (10, '14:00:00+03', '16:00:00+03', 'Spring', 2023, '2023-02-08');
INSERT INTO Time (time_id, start_time, end_time, semester, year, date) VALUES (11, '10:00:00+03', '12:00:00+03', 'Fall', 2023, '2023-10-16');
INSERT INTO Time (time_id, start_time, end_time, semester, year, date) VALUES (12, '10:00:00+03', '12:00:00+03', 'Summer', 2023, '2023-10-05');
INSERT INTO Time (time_id, start_time, end_time, semester, year, date) VALUES (13, '14:00:00+03', '16:00:00+03', 'Fall', 2023, '2023-05-29');
INSERT INTO Time (time_id, start_time, end_time, semester, year, date) VALUES (14, '12:00:00+03', '14:00:00+03', 'Summer', 2023, '2023-03-31');
INSERT INTO Time (time_id, start_time, end_time, semester, year, date) VALUES (15, '16:00:00+03', '18:00:00+03', 'Spring', 2023, '2023-09-26');
INSERT INTO Time (time_id, start_time, end_time, semester, year, date) VALUES (16, '10:00:00+03', '12:00:00+03', 'Fall', 2024, '2024-01-21');
INSERT INTO Time (time_id, start_time, end_time, semester, year, date) VALUES (17, '10:00:00+03', '12:00:00+03', 'Spring', 2023, '2023-03-20');
INSERT INTO Time (time_id, start_time, end_time, semester, year, date) VALUES (18, '08:00:00+03', '10:00:00+03', 'Fall', 2023, '2023-08-09');
INSERT INTO Time (time_id, start_time, end_time, semester, year, date) VALUES (19, '16:00:00+03', '18:00:00+03', 'Summer', 2023, '2023-09-08');
INSERT INTO Time (time_id, start_time, end_time, semester, year, date) VALUES (20, '14:00:00+03', '16:00:00+03', 'Spring', 2024, '2024-07-24');

--ROOM TABLE INSERT STATEMENTS
INSERT INTO room (room_id, type, capacity, floor, building_id) VALUES (1, 'Lecture Hall', 100, 1, 1);
INSERT INTO room (room_id, type, capacity, floor, building_id) VALUES (2, 'Classroom', 40, 2, 1);
INSERT INTO room (room_id, type, capacity, floor, building_id) VALUES (3, 'Computer Lab', 30, 3, 2);
INSERT INTO room (room_id, type, capacity, floor, building_id) VALUES (4, 'Seminar Room', 20, 1, 2);
INSERT INTO room (room_id, type, capacity, floor, building_id) VALUES (5, 'Auditorium', 200, 0, 3);
INSERT INTO room (room_id, type, capacity, floor, building_id) VALUES (6, 'Lecture Hall', 80, 2, 3);
INSERT INTO room (room_id, type, capacity, floor, building_id) VALUES (7, 'Classroom', 35, 3, 3);
INSERT INTO room (room_id, type, capacity, floor, building_id) VALUES (8, 'Physics Lab', 25, 2, 4);
INSERT INTO room (room_id, type, capacity, floor, building_id) VALUES (9, 'Chemistry Lab', 20, 2, 4);
INSERT INTO room (room_id, type, capacity, floor, building_id) VALUES (10, 'Library', 150, 1, 5);
INSERT INTO room (room_id, type, capacity, floor, building_id) VALUES (11, 'Meeting Room', 15, 1, 1);
INSERT INTO room (room_id, type, capacity, floor, building_id) VALUES (12, 'Biology Lab', 30, 2, 2);
INSERT INTO room (room_id, type, capacity, floor, building_id) VALUES (13, 'Design Studio', 25, 3, 5);
INSERT INTO room (room_id, type, capacity, floor, building_id) VALUES (14, 'Music Room', 20, 2, 5);
INSERT INTO room (room_id, type, capacity, floor, building_id) VALUES (15, 'Recording Studio', 10, 1, 4);
INSERT INTO room (room_id, type, capacity, floor, building_id) VALUES (16, 'Lecture Hall', 90, 3, 1);
INSERT INTO room (room_id, type, capacity, floor, building_id) VALUES (17, 'Classroom', 50, 2, 2);
INSERT INTO room (room_id, type, capacity, floor, building_id) VALUES (18, 'Art Room', 20, 1, 3);
INSERT INTO room (room_id, type, capacity, floor, building_id) VALUES (19, 'Engineering Lab', 35, 2, 3);
INSERT INTO room (room_id, type, capacity, floor, building_id) VALUES (20, 'Gym', 100, 0, 5);
INSERT INTO room (room_id, type, capacity, floor, building_id) VALUES (21, 'Lecture Hall', 120, 1, 6);
INSERT INTO room (room_id, type, capacity, floor, building_id) VALUES (22, 'Classroom', 30, 2, 7);
INSERT INTO room (room_id, type, capacity, floor, building_id) VALUES (23, 'Computer Lab', 28, 1, 7);
INSERT INTO room (room_id, type, capacity, floor, building_id) VALUES (24, 'Seminar Room', 18, 1, 8);
INSERT INTO room (room_id, type, capacity, floor, building_id) VALUES (25, 'Auditorium', 250, 0, 9);
INSERT INTO room (room_id, type, capacity, floor, building_id) VALUES (26, 'Lecture Hall', 85, 3, 9);
INSERT INTO room (room_id, type, capacity, floor, building_id) VALUES (27, 'Classroom', 42, 3, 9);
INSERT INTO room (room_id, type, capacity, floor, building_id) VALUES (28, 'Physics Lab', 24, 2, 10);
INSERT INTO room (room_id, type, capacity, floor, building_id) VALUES (29, 'Chemistry Lab', 22, 2, 10);
INSERT INTO room (room_id, type, capacity, floor, building_id) VALUES (30, 'Library', 130, 1, 11);
INSERT INTO room (room_id, type, capacity, floor, building_id) VALUES (31, 'Meeting Room', 12, 1, 6);
INSERT INTO room (room_id, type, capacity, floor, building_id) VALUES (32, 'Biology Lab', 27, 2, 7);
INSERT INTO room (room_id, type, capacity, floor, building_id) VALUES (33, 'Design Studio', 23, 3, 11);
INSERT INTO room (room_id, type, capacity, floor, building_id) VALUES (34, 'Music Room', 18, 2, 11);
INSERT INTO room (room_id, type, capacity, floor, building_id) VALUES (35, 'Recording Studio', 9, 1, 10);
INSERT INTO room (room_id, type, capacity, floor, building_id) VALUES (36, 'Lecture Hall', 95, 3, 6);
INSERT INTO room (room_id, type, capacity, floor, building_id) VALUES (37, 'Classroom', 48, 2, 7);
INSERT INTO room (room_id, type, capacity, floor, building_id) VALUES (38, 'Art Room', 19, 1, 8);
INSERT INTO room (room_id, type, capacity, floor, building_id) VALUES (39, 'Engineering Lab', 33, 2, 8);
INSERT INTO room (room_id, type, capacity, floor, building_id) VALUES (40, 'Dance Studio', 60, 1, 9);
INSERT INTO room (room_id, type, capacity, floor, building_id) VALUES (41, 'Lecture Hall', 110, 2, 12);
INSERT INTO room (room_id, type, capacity, floor, building_id) VALUES (42, 'Classroom', 36, 3, 13);
INSERT INTO room (room_id, type, capacity, floor, building_id) VALUES (43, 'Computer Lab', 32, 1, 13);
INSERT INTO room (room_id, type, capacity, floor, building_id) VALUES (44, 'Seminar Room', 21, 1, 14);
INSERT INTO room (room_id, type, capacity, floor, building_id) VALUES (45, 'Auditorium', 270, 0, 15);
INSERT INTO room (room_id, type, capacity, floor, building_id) VALUES (46, 'Lecture Hall', 88, 2, 15);
INSERT INTO room (room_id, type, capacity, floor, building_id) VALUES (47, 'Classroom', 39, 3, 15);
INSERT INTO room (room_id, type, capacity, floor, building_id) VALUES (48, 'Physics Lab', 26, 2, 16);
INSERT INTO room (room_id, type, capacity, floor, building_id) VALUES (49, 'Library', 145, 1, 17);
INSERT INTO room (room_id, type, capacity, floor, building_id) VALUES (50, 'Meeting Room', 14, 1, 18);

--PERSON_PHONE TABLE INSERT STATEMENTS
INSERT INTO person_phone (person_id, phone_number, phone_id) VALUES (1, '50321567', 1);
INSERT INTO person_phone (person_id, phone_number, phone_id) VALUES (2, '65012389', 2);
INSERT INTO person_phone (person_id, phone_number, phone_id) VALUES (3, '99237845', 3);
INSERT INTO person_phone (person_id, phone_number, phone_id) VALUES (4, '66123457', 4);
INSERT INTO person_phone (person_id, phone_number, phone_id) VALUES (5, '50674321', 5);
INSERT INTO person_phone (person_id, phone_number, phone_id) VALUES (6, '99123456', 6);
INSERT INTO person_phone (person_id, phone_number, phone_id) VALUES (7, '65227899', 7);
INSERT INTO person_phone (person_id, phone_number, phone_id) VALUES (8, '50781234', 8);
INSERT INTO person_phone (person_id, phone_number, phone_id) VALUES (9, '66293485', 9);
INSERT INTO person_phone (person_id, phone_number, phone_id) VALUES (10, '99954321', 10);
INSERT INTO person_phone (person_id, phone_number, phone_id) VALUES (11, '65123489', 11);
INSERT INTO person_phone (person_id, phone_number, phone_id) VALUES (12, '60112233', 12);
INSERT INTO person_phone (person_id, phone_number, phone_id) VALUES (13, '95551234', 13);
INSERT INTO person_phone (person_id, phone_number, phone_id) VALUES (14, '50775599', 14);
INSERT INTO person_phone (person_id, phone_number, phone_id) VALUES (15, '99643210', 15);
INSERT INTO person_phone (person_id, phone_number, phone_id) VALUES (16, '60334455', 16);
INSERT INTO person_phone (person_id, phone_number, phone_id) VALUES (17, '66612345', 17);
INSERT INTO person_phone (person_id, phone_number, phone_id) VALUES (18, '50339876', 18);
INSERT INTO person_phone (person_id, phone_number, phone_id) VALUES (19, '60445566', 19);
INSERT INTO person_phone (person_id, phone_number, phone_id) VALUES (20, '99887766', 20);
INSERT INTO person_phone (person_id, phone_number, phone_id) VALUES (21, '50567890', 21);
INSERT INTO person_phone (person_id, phone_number, phone_id) VALUES (22, '65000011', 22);
INSERT INTO person_phone (person_id, phone_number, phone_id) VALUES (23, '66778899', 23);
INSERT INTO person_phone (person_id, phone_number, phone_id) VALUES (24, '99445566', 24);
INSERT INTO person_phone (person_id, phone_number, phone_id) VALUES (25, '50678901', 25);
INSERT INTO person_phone (person_id, phone_number, phone_id) VALUES (26, '66998877', 26);
INSERT INTO person_phone (person_id, phone_number, phone_id) VALUES (27, '50112233', 27);
INSERT INTO person_phone (person_id, phone_number, phone_id) VALUES (28, '65098765', 28);
INSERT INTO person_phone (person_id, phone_number, phone_id) VALUES (29, '99223344', 29);
INSERT INTO person_phone (person_id, phone_number, phone_id) VALUES (30, '60887766', 30);
INSERT INTO person_phone (person_id, phone_number, phone_id) VALUES (31, '50123456', 31);
INSERT INTO person_phone (person_id, phone_number, phone_id) VALUES (32, '60881234', 32);
INSERT INTO person_phone (person_id, phone_number, phone_id) VALUES (33, '99001122', 33);
INSERT INTO person_phone (person_id, phone_number, phone_id) VALUES (34, '66665544', 34);
INSERT INTO person_phone (person_id, phone_number, phone_id) VALUES (35, '99447788', 35);
INSERT INTO person_phone (person_id, phone_number, phone_id) VALUES (36, '65013468', 36);
INSERT INTO person_phone (person_id, phone_number, phone_id) VALUES (37, '50224466', 37);
INSERT INTO person_phone (person_id, phone_number, phone_id) VALUES (38, '99110022', 38);
INSERT INTO person_phone (person_id, phone_number, phone_id) VALUES (39, '60990011', 39);
INSERT INTO person_phone (person_id, phone_number, phone_id) VALUES (40, '99668877', 40);
INSERT INTO person_phone (person_id, phone_number, phone_id) VALUES (41, '50445566', 41);
INSERT INTO person_phone (person_id, phone_number, phone_id) VALUES (42, '66443322', 42);
INSERT INTO person_phone (person_id, phone_number, phone_id) VALUES (43, '60332211', 43);
INSERT INTO person_phone (person_id, phone_number, phone_id) VALUES (44, '99441122', 44);
INSERT INTO person_phone (person_id, phone_number, phone_id) VALUES (45, '60776655', 45);
INSERT INTO person_phone (person_id, phone_number, phone_id) VALUES (46, '50221100', 46);
INSERT INTO person_phone (person_id, phone_number, phone_id) VALUES (47, '66001122', 47);
INSERT INTO person_phone (person_id, phone_number, phone_id) VALUES (48, '99552233', 48);
INSERT INTO person_phone (person_id, phone_number, phone_id) VALUES (49, '60660011', 49);
INSERT INTO person_phone (person_id, phone_number, phone_id) VALUES (50, '99880077', 50);

--BOOKING TABLE INSERT STATEMENTS
INSERT INTO booking (booking_id, booking_status, purpose, person_id, time_id, is_cancelled) VALUES (1, 'approved', 'Guest Lecture on AI', 12, 5, FALSE);
INSERT INTO booking (booking_id, booking_status, purpose, person_id, time_id, is_cancelled) VALUES (2, 'pending', 'Weekly Team Meeting', 3, 2, FALSE);
INSERT INTO booking (booking_id, booking_status, purpose, person_id, time_id, is_cancelled) VALUES (3, 'rejected', 'Startup Pitch Practice', 15, 7, TRUE);
INSERT INTO booking (booking_id, booking_status, purpose, person_id, time_id, is_cancelled) VALUES (4, 'approved', 'Robotics Club Workshop', 8, 12, FALSE);
INSERT INTO booking (booking_id, booking_status, purpose, person_id, time_id, is_cancelled) VALUES (5, 'approved', 'Data Structures Class', 20, 3, FALSE);
INSERT INTO booking (booking_id, booking_status, purpose, person_id, time_id, is_cancelled) VALUES (6, 'pending', 'Career Counseling Session', 28, 6, FALSE);
INSERT INTO booking (booking_id, booking_status, purpose, person_id, time_id, is_cancelled) VALUES (7, 'approved', 'Research Presentation', 7, 9, FALSE);
INSERT INTO booking (booking_id, booking_status, purpose, person_id, time_id, is_cancelled) VALUES (8, 'rejected', 'Exam Proctoring Setup', 33, 13, TRUE);
INSERT INTO booking (booking_id, booking_status, purpose, person_id, time_id, is_cancelled) VALUES (9, 'approved', 'Faculty Orientation', 5, 1, FALSE);
INSERT INTO booking (booking_id, booking_status, purpose, person_id, time_id, is_cancelled) VALUES (10, 'approved', 'Student Council Meeting', 19, 8, FALSE);
INSERT INTO booking (booking_id, booking_status, purpose, person_id, time_id, is_cancelled) VALUES (11, 'pending', 'Photography Club Event', 14, 11, FALSE);
INSERT INTO booking (booking_id, booking_status, purpose, person_id, time_id, is_cancelled) VALUES (12, 'approved', 'Thesis Defense', 27, 4, FALSE);
INSERT INTO booking (booking_id, booking_status, purpose, person_id, time_id, is_cancelled) VALUES (13, 'rejected', 'Startup Incubation Seminar', 9, 16, TRUE);
INSERT INTO booking (booking_id, booking_status, purpose, person_id, time_id, is_cancelled) VALUES (14, 'approved', 'Debate Team Practice', 11, 18, FALSE);
INSERT INTO booking (booking_id, booking_status, purpose, person_id, time_id, is_cancelled) VALUES (15, 'approved', 'System Design Class', 30, 2, FALSE);
INSERT INTO booking (booking_id, booking_status, purpose, person_id, time_id, is_cancelled) VALUES (16, 'pending', 'Admission Interviews', 4, 14, FALSE);
INSERT INTO booking (booking_id, booking_status, purpose, person_id, time_id, is_cancelled) VALUES (17, 'approved', 'Music Club Rehearsal', 46, 19, FALSE);
INSERT INTO booking (booking_id, booking_status, purpose, person_id, time_id, is_cancelled) VALUES (18, 'approved', 'Internship Info Session', 6, 6, FALSE);
INSERT INTO booking (booking_id, booking_status, purpose, person_id, time_id, is_cancelled) VALUES (19, 'rejected', 'Project Demo Rehearsal', 35, 10, TRUE);
INSERT INTO booking (booking_id, booking_status, purpose, person_id, time_id, is_cancelled) VALUES (20, 'pending', 'Art Club Exhibit Prep', 18, 15, FALSE);
INSERT INTO booking (booking_id, booking_status, purpose, person_id, time_id, is_cancelled) VALUES (21, 'approved', 'CS101 Lecture', 10, 1, FALSE);
INSERT INTO booking (booking_id, booking_status, purpose, person_id, time_id, is_cancelled) VALUES (22, 'approved', 'Film Screening', 22, 17, FALSE);
INSERT INTO booking (booking_id, booking_status, purpose, person_id, time_id, is_cancelled) VALUES (23, 'rejected', 'Club Elections', 39, 3, TRUE);
INSERT INTO booking (booking_id, booking_status, purpose, person_id, time_id, is_cancelled) VALUES (24, 'approved', 'Writing Workshop', 26, 5, FALSE);
INSERT INTO booking (booking_id, booking_status, purpose, person_id, time_id, is_cancelled) VALUES (25, 'approved', 'Academic Advising', 48, 20, FALSE);
INSERT INTO booking (booking_id, booking_status, purpose, person_id, time_id, is_cancelled) VALUES (26, 'pending', 'Hackathon Planning', 17, 4, FALSE);
INSERT INTO booking (booking_id, booking_status, purpose, person_id, time_id, is_cancelled) VALUES (27, 'approved', 'Language Placement Test', 2, 7, FALSE);
INSERT INTO booking (booking_id, booking_status, purpose, person_id, time_id, is_cancelled) VALUES (28, 'rejected', 'Networking Event', 31, 10, TRUE);
INSERT INTO booking (booking_id, booking_status, purpose, person_id, time_id, is_cancelled) VALUES (29, 'approved', 'Database Systems Class', 23, 9, FALSE);
INSERT INTO booking (booking_id, booking_status, purpose, person_id, time_id, is_cancelled) VALUES (30, 'approved', 'Physics Lab Session', 13, 8, FALSE);
INSERT INTO booking (booking_id, booking_status, purpose, person_id, time_id, is_cancelled) VALUES (31, 'approved', 'Project Competition', 17, 19, FALSE);

--BOOKING_ROOM TABLE INSERT STATEMENTS
INSERT INTO booking_room (booking_booking_id, room_room_id) VALUES (1, 5);
INSERT INTO booking_room (booking_booking_id, room_room_id) VALUES (4, 9);
INSERT INTO booking_room (booking_booking_id, room_room_id) VALUES (5, 3);
INSERT INTO booking_room (booking_booking_id, room_room_id) VALUES (7, 1);
INSERT INTO booking_room (booking_booking_id, room_room_id) VALUES (9, 10);
INSERT INTO booking_room (booking_booking_id, room_room_id) VALUES (10, 11);
INSERT INTO booking_room (booking_booking_id, room_room_id) VALUES (12, 6);
INSERT INTO booking_room (booking_booking_id, room_room_id) VALUES (14, 8);
INSERT INTO booking_room (booking_booking_id, room_room_id) VALUES (15, 4);
INSERT INTO booking_room (booking_booking_id, room_room_id) VALUES (17, 18);
INSERT INTO booking_room (booking_booking_id, room_room_id) VALUES (18, 17);
INSERT INTO booking_room (booking_booking_id, room_room_id) VALUES (21, 21);
INSERT INTO booking_room (booking_booking_id, room_room_id) VALUES (22, 23);
INSERT INTO booking_room (booking_booking_id, room_room_id) VALUES (24, 25);
INSERT INTO booking_room (booking_booking_id, room_room_id) VALUES (25, 24);
INSERT INTO booking_room (booking_booking_id, room_room_id) VALUES (26, 26);
INSERT INTO booking_room (booking_booking_id, room_room_id) VALUES (27, 27);
INSERT INTO booking_room (booking_booking_id, room_room_id) VALUES (29, 29);
INSERT INTO booking_room (booking_booking_id, room_room_id) VALUES (30, 30);
INSERT INTO booking_room (booking_booking_id, room_room_id) VALUES (31, 4);

--APPROVAL TABLE INSERT STATEMENTS
INSERT INTO approval (approval_id, approval_status, reason, booking_id, person_id) VALUES (1, TRUE, 'Approved by admin', 1, 12);
INSERT INTO approval (approval_id, approval_status, reason, booking_id, person_id) VALUES (2, FALSE, 'Waiting for review', 2, 3);
INSERT INTO approval (approval_id, approval_status, reason, booking_id, person_id) VALUES (3, FALSE, 'Conflicting schedule', 3, 15);
INSERT INTO approval (approval_id, approval_status, reason, booking_id, person_id) VALUES (4, TRUE, 'Approved by admin', 4, 8);
INSERT INTO approval (approval_id, approval_status, reason, booking_id, person_id) VALUES (5, TRUE, 'Approved by admin', 5, 20);
INSERT INTO approval (approval_id, approval_status, reason, booking_id, person_id) VALUES (6, FALSE, 'Pending review', 6, 28);
INSERT INTO approval (approval_id, approval_status, reason, booking_id, person_id) VALUES (7, TRUE, 'Approved by admin', 7, 7);
INSERT INTO approval (approval_id, approval_status, reason, booking_id, person_id) VALUES (8, FALSE, 'Room unavailable', 8, 33);
INSERT INTO approval (approval_id, approval_status, reason, booking_id, person_id) VALUES (9, TRUE, 'Approved by admin', 9, 5);
INSERT INTO approval (approval_id, approval_status, reason, booking_id, person_id) VALUES (10, TRUE, 'Approved by admin', 10, 19);
INSERT INTO approval (approval_id, approval_status, reason, booking_id, person_id) VALUES (11, FALSE, 'Waiting for documents', 11, 14);
INSERT INTO approval (approval_id, approval_status, reason, booking_id, person_id) VALUES (12, TRUE, 'Approved by admin', 12, 27);
INSERT INTO approval (approval_id, approval_status, reason, booking_id, person_id) VALUES (13, FALSE, 'Schedule conflict', 13, 9);
INSERT INTO approval (approval_id, approval_status, reason, booking_id, person_id) VALUES (14, TRUE, 'Approved by admin', 14, 11);
INSERT INTO approval (approval_id, approval_status, reason, booking_id, person_id) VALUES (15, TRUE, 'Approved by admin', 15, 30);
INSERT INTO approval (approval_id, approval_status, reason, booking_id, person_id) VALUES (16, FALSE, 'Pending confirmation', 16, 4);
INSERT INTO approval (approval_id, approval_status, reason, booking_id, person_id) VALUES (17, TRUE, 'Approved by admin', 17, 46);
INSERT INTO approval (approval_id, approval_status, reason, booking_id, person_id) VALUES (18, TRUE, 'Approved by admin', 18, 6);
INSERT INTO approval (approval_id, approval_status, reason, booking_id, person_id) VALUES (19, FALSE, 'Insufficient info', 19, 35);
INSERT INTO approval (approval_id, approval_status, reason, booking_id, person_id) VALUES (20, FALSE, 'Pending documents', 20, 18);
INSERT INTO approval (approval_id, approval_status, reason, booking_id, person_id) VALUES (21, TRUE, 'Approved by admin', 21, 10);
INSERT INTO approval (approval_id, approval_status, reason, booking_id, person_id) VALUES (22, TRUE, 'Approved by admin', 22, 22);
INSERT INTO approval (approval_id, approval_status, reason, booking_id, person_id) VALUES (23, FALSE, 'Conflict with other event', 23, 39);
INSERT INTO approval (approval_id, approval_status, reason, booking_id, person_id) VALUES (24, TRUE, 'Approved by admin', 24, 26);
INSERT INTO approval (approval_id, approval_status, reason, booking_id, person_id) VALUES (25, TRUE, 'Approved by admin', 25, 48);
INSERT INTO approval (approval_id, approval_status, reason, booking_id, person_id) VALUES (26, FALSE, 'Under review', 26, 17);
INSERT INTO approval (approval_id, approval_status, reason, booking_id, person_id) VALUES (27, TRUE, 'Approved by admin', 27, 2);
INSERT INTO approval (approval_id, approval_status, reason, booking_id, person_id) VALUES (28, FALSE, 'No room available', 28, 31);
INSERT INTO approval (approval_id, approval_status, reason, booking_id, person_id) VALUES (29, TRUE, 'Approved by admin', 29, 23);
INSERT INTO approval (approval_id, approval_status, reason, booking_id, person_id) VALUES (30, TRUE, 'Approved by admin', 30, 13);
